{
    "ma_short": "ma_20",
    "ma_mid": "ma_60",
    "ma_long": "ma_200",
    "rsi_buy_threshold": 29.97146224975586,
    "rsi_sell_threshold": 67.55220031738281,
    "bb_buy_threshold": 0.05013381689786911,
    "bb_sell_threshold": 0.05307590588927269,
    "adx_threshold": 30.245834350585938,
    "stop_loss": 0.05982121080160141,
    "take_profit": 0.12442256510257721,
    "max_position_size": 0.5114774703979492,
    "use_ma": false,
    "use_rsi": true,
    "use_bb": false,
    "use_macd": false,
    "use_stoch": false,
    "use_adx": true,
    "use_1h": false,
    "use_4h": true,
    "use_1d": false,
    "signal_threshold": 0.29997292160987854,
    "weight_ma": 0.2,
    "weight_rsi": 0.15,
    "weight_bb": 0.15,
    "weight_macd": 0.2,
    "weight_stoch": 0.15,
    "weight_adx": 0.15
}